gene,1st tool,2nd tool,frequencies method,conservation method,#diffs
tRNA-Phe,mafft_auto,mafft_parttree,unweighted,entropy,3
tRNA-Phe,mafft_auto,mafft_parttree,unweighted,variance,4
tRNA-Phe,mafft_auto,mafft_parttree,weighted,entropy,5
tRNA-Phe,mafft_auto,mafft_parttree,weighted,variance,13

rRNA-12S,mafft_auto,mafft_parttree,unweighted,entropy,39
rRNA-12S,mafft_auto,mafft_parttree,unweighted,variance,1
rRNA-12S,mafft_auto,mafft_parttree,weighted,entropy,49
rRNA-12S,mafft_auto,mafft_parttree,weighted,variance,1

tRNA-Val,mafft_auto,mafft_parttree,unweighted,entropy,43
tRNA-Val,mafft_auto,mafft_parttree,unweighted,variance,3
tRNA-Val,mafft_auto,mafft_parttree,weighted,entropy,52
tRNA-Val,mafft_auto,mafft_parttree,weighted,variance,1

rRNA-16S,mafft_auto,mafft_parttree,unweighted,entropy,96
rRNA-16S,mafft_auto,mafft_parttree,unweighted,variance,60
rRNA-16S,mafft_auto,mafft_parttree,weighted,entropy,62
rRNA-16S,mafft_auto,mafft_parttree,weighted,variance,1

tRNA-Leu1,mafft_auto,mafft_parttree,unweighted,entropy,101
tRNA-Leu1,mafft_auto,mafft_parttree,unweighted,variance,62
tRNA-Leu1,mafft_auto,mafft_parttree,weighted,entropy,61
tRNA-Leu1,mafft_auto,mafft_parttree,weighted,variance,1

ND1,mafft_auto,mafft_parttree,unweighted,entropy,0
ND1,mafft_auto,mafft_parttree,unweighted,variance,0
ND1,mafft_auto,mafft_parttree,weighted,entropy,0
ND1,mafft_auto,mafft_parttree,weighted,variance,0

tRNA-Ile,mafft_auto,mafft_parttree,unweighted,entropy,2
tRNA-Ile,mafft_auto,mafft_parttree,unweighted,variance,2
tRNA-Ile,mafft_auto,mafft_parttree,weighted,entropy,44
tRNA-Ile,mafft_auto,mafft_parttree,weighted,variance,44

tRNA-Gln,mafft_auto,mafft_parttree,unweighted,entropy,2
tRNA-Gln,mafft_auto,mafft_parttree,unweighted,variance,2
tRNA-Gln,mafft_auto,mafft_parttree,weighted,entropy,49
tRNA-Gln,mafft_auto,mafft_parttree,weighted,variance,52

tRNA-Met,mafft_auto,mafft_parttree,unweighted,entropy,1
tRNA-Met,mafft_auto,mafft_parttree,unweighted,variance,1
tRNA-Met,mafft_auto,mafft_parttree,weighted,entropy,1
tRNA-Met,mafft_auto,mafft_parttree,weighted,variance,1

ND2,mafft_auto,mafft_parttree,unweighted,entropy,1
ND2,mafft_auto,mafft_parttree,unweighted,variance,1
ND2,mafft_auto,mafft_parttree,weighted,entropy,1
ND2,mafft_auto,mafft_parttree,weighted,variance,1

tRNA-Trp,mafft_auto,mafft_parttree,unweighted,entropy,1
tRNA-Trp,mafft_auto,mafft_parttree,unweighted,variance,1
tRNA-Trp,mafft_auto,mafft_parttree,weighted,entropy,1
tRNA-Trp,mafft_auto,mafft_parttree,weighted,variance,1

tRNA-Ala,mafft_auto,mafft_parttree,unweighted,entropy,0
tRNA-Ala,mafft_auto,mafft_parttree,unweighted,variance,0
tRNA-Ala,mafft_auto,mafft_parttree,weighted,entropy,0
tRNA-Ala,mafft_auto,mafft_parttree,weighted,variance,0

tRNA-Asn,mafft_auto,mafft_parttree,unweighted,entropy,0
tRNA-Asn,mafft_auto,mafft_parttree,unweighted,variance,0
tRNA-Asn,mafft_auto,mafft_parttree,weighted,entropy,0
tRNA-Asn,mafft_auto,mafft_parttree,weighted,variance,0

tRNA-Cys,mafft_auto,mafft_parttree,unweighted,entropy,0
tRNA-Cys,mafft_auto,mafft_parttree,unweighted,variance,0
tRNA-Cys,mafft_auto,mafft_parttree,weighted,entropy,0
tRNA-Cys,mafft_auto,mafft_parttree,weighted,variance,0

tRNA-Tyr,mafft_auto,mafft_parttree,unweighted,entropy,6
tRNA-Tyr,mafft_auto,mafft_parttree,unweighted,variance,1
tRNA-Tyr,mafft_auto,mafft_parttree,weighted,entropy,4
tRNA-Tyr,mafft_auto,mafft_parttree,weighted,variance,1

COX1,mafft_auto,mafft_parttree,unweighted,entropy,0
COX1,mafft_auto,mafft_parttree,unweighted,variance,0
COX1,mafft_auto,mafft_parttree,weighted,entropy,0
COX1,mafft_auto,mafft_parttree,weighted,variance,0

tRNA-Ser1,mafft_auto,mafft_parttree,unweighted,entropy,4
tRNA-Ser1,mafft_auto,mafft_parttree,unweighted,variance,268
tRNA-Ser1,mafft_auto,mafft_parttree,weighted,entropy,216
tRNA-Ser1,mafft_auto,mafft_parttree,weighted,variance,78

tRNA-Asp,mafft_auto,mafft_parttree,unweighted,entropy,0
tRNA-Asp,mafft_auto,mafft_parttree,unweighted,variance,0
tRNA-Asp,mafft_auto,mafft_parttree,weighted,entropy,0
tRNA-Asp,mafft_auto,mafft_parttree,weighted,variance,0

COX2,mafft_auto,mafft_parttree,unweighted,entropy,2
COX2,mafft_auto,mafft_parttree,unweighted,variance,2
COX2,mafft_auto,mafft_parttree,weighted,entropy,153
COX2,mafft_auto,mafft_parttree,weighted,variance,166

tRNA-Lys,mafft_auto,mafft_parttree,unweighted,entropy,0
tRNA-Lys,mafft_auto,mafft_parttree,unweighted,variance,0
tRNA-Lys,mafft_auto,mafft_parttree,weighted,entropy,0
tRNA-Lys,mafft_auto,mafft_parttree,weighted,variance,0

ATP8,mafft_auto,mafft_parttree,unweighted,entropy,1
ATP8,mafft_auto,mafft_parttree,unweighted,variance,1
ATP8,mafft_auto,mafft_parttree,weighted,entropy,1
ATP8,mafft_auto,mafft_parttree,weighted,variance,1

ATP6,mafft_auto,mafft_parttree,unweighted,entropy,1
ATP6,mafft_auto,mafft_parttree,unweighted,variance,1
ATP6,mafft_auto,mafft_parttree,weighted,entropy,1
ATP6,mafft_auto,mafft_parttree,weighted,variance,1

COX3,mafft_auto,mafft_parttree,unweighted,entropy,1
COX3,mafft_auto,mafft_parttree,unweighted,variance,1
COX3,mafft_auto,mafft_parttree,weighted,entropy,1
COX3,mafft_auto,mafft_parttree,weighted,variance,1

tRNA-Gly,mafft_auto,mafft_parttree,unweighted,entropy,1
tRNA-Gly,mafft_auto,mafft_parttree,unweighted,variance,1
tRNA-Gly,mafft_auto,mafft_parttree,weighted,entropy,1
tRNA-Gly,mafft_auto,mafft_parttree,weighted,variance,1

ND3,mafft_auto,mafft_parttree,unweighted,entropy,1
ND3,mafft_auto,mafft_parttree,unweighted,variance,1
ND3,mafft_auto,mafft_parttree,weighted,entropy,1
ND3,mafft_auto,mafft_parttree,weighted,variance,1

tRNA-Arg,mafft_auto,mafft_parttree,unweighted,entropy,1
tRNA-Arg,mafft_auto,mafft_parttree,unweighted,variance,1
tRNA-Arg,mafft_auto,mafft_parttree,weighted,entropy,1
tRNA-Arg,mafft_auto,mafft_parttree,weighted,variance,1

ND4L,mafft_auto,mafft_parttree,unweighted,entropy,1
ND4L,mafft_auto,mafft_parttree,unweighted,variance,1
ND4L,mafft_auto,mafft_parttree,weighted,entropy,1
ND4L,mafft_auto,mafft_parttree,weighted,variance,1

ND4,mafft_auto,mafft_parttree,unweighted,entropy,1
ND4,mafft_auto,mafft_parttree,unweighted,variance,1
ND4,mafft_auto,mafft_parttree,weighted,entropy,1
ND4,mafft_auto,mafft_parttree,weighted,variance,1

tRNA-His,mafft_auto,mafft_parttree,unweighted,entropy,1
tRNA-His,mafft_auto,mafft_parttree,unweighted,variance,1
tRNA-His,mafft_auto,mafft_parttree,weighted,entropy,1
tRNA-His,mafft_auto,mafft_parttree,weighted,variance,1

tRNA-Ser2,mafft_auto,mafft_parttree,unweighted,entropy,1
tRNA-Ser2,mafft_auto,mafft_parttree,unweighted,variance,1
tRNA-Ser2,mafft_auto,mafft_parttree,weighted,entropy,1
tRNA-Ser2,mafft_auto,mafft_parttree,weighted,variance,1

tRNA-Leu2,mafft_auto,mafft_parttree,unweighted,entropy,7
tRNA-Leu2,mafft_auto,mafft_parttree,unweighted,variance,529
tRNA-Leu2,mafft_auto,mafft_parttree,weighted,entropy,239
tRNA-Leu2,mafft_auto,mafft_parttree,weighted,variance,400

ND5,mafft_auto,mafft_parttree,unweighted,entropy,102
ND5,mafft_auto,mafft_parttree,unweighted,variance,355
ND5,mafft_auto,mafft_parttree,weighted,entropy,399
ND5,mafft_auto,mafft_parttree,weighted,variance,588

ND6,mafft_auto,mafft_parttree,unweighted,entropy,142
ND6,mafft_auto,mafft_parttree,unweighted,variance,484
ND6,mafft_auto,mafft_parttree,weighted,entropy,444
ND6,mafft_auto,mafft_parttree,weighted,variance,599

tRNA-Glu,mafft_auto,mafft_parttree,unweighted,entropy,148
tRNA-Glu,mafft_auto,mafft_parttree,unweighted,variance,720
tRNA-Glu,mafft_auto,mafft_parttree,weighted,entropy,405
tRNA-Glu,mafft_auto,mafft_parttree,weighted,variance,563

CYTB,mafft_auto,mafft_parttree,unweighted,entropy,0
CYTB,mafft_auto,mafft_parttree,unweighted,variance,0
CYTB,mafft_auto,mafft_parttree,weighted,entropy,0
CYTB,mafft_auto,mafft_parttree,weighted,variance,0

tRNA-Thr,mafft_auto,mafft_parttree,unweighted,entropy,3
tRNA-Thr,mafft_auto,mafft_parttree,unweighted,variance,3
tRNA-Thr,mafft_auto,mafft_parttree,weighted,entropy,165
tRNA-Thr,mafft_auto,mafft_parttree,weighted,variance,166

tRNA-Pro,mafft_auto,mafft_parttree,unweighted,entropy,6
tRNA-Pro,mafft_auto,mafft_parttree,unweighted,variance,1
tRNA-Pro,mafft_auto,mafft_parttree,weighted,entropy,11
tRNA-Pro,mafft_auto,mafft_parttree,weighted,variance,1

